<?xml version="1.0" encoding="UTF-8"?>
<LightningComponentBundle xmlns="http://soap.sforce.com/2006/04/metadata">
    <apiVersion>54.0</apiVersion>
    <isExposed>true</isExposed>
    <masterLabel>BDT B2B Checkout Page</masterLabel>
    <targets>
          <target>lightning__AppPage</target>
          <target>lightningCommunity__Page</target>
          <target>lightningCommunity__Default</target>
    </targets>
    <targetConfigs>
        <targetConfig targets="lightningCommunity__Default">
            <property
                name="recordId"
                type="String"
                label="Record Id"
                description="Automatically bind the page's record id to the component variable"
                default="{!recordId}"
            />
            <property
                name="effectiveAccountId"
                type="String"
                label="Effective Account Id"
                description="The ID of the account under which the user is acting (BETA)"
                default="{!CurrentUser.effectiveAccountId}"
            />
        </targetConfig>
    </targetConfigs>
</LightningComponentBundle>