<?xml version="1.0" encoding="UTF-8"?>

<LightningComponentBundle xmlns="http://soap.sforce.com/2006/04/metadata">

    <apiVersion>54.0</apiVersion>
    <isExposed>true</isExposed>
    <targets>
        <target>lightning__RecordPage</target>
        <target>lightningCommunity__Page</target>
                <target>lightningCommunity__Default</target>
    </targets>
    <targetConfigs>
        <targetConfig targets="lightningCommunity__Default">
              <property name="effectiveAccountId" type="String" label="Effective Account Id" description="The ID of the account under which the user is acting (BETA)" default="{!CurrentUser.effectiveAccountId}" />

        </targetConfig>
    </targetConfigs>
</LightningComponentBundle>